{"cameraMode":{"drawMode":0,"name":"Shaded","section":"Shading Mode"},"sceneLighting":true,"audioPlay":false,"sceneViewState":{"m_AlwaysRefresh":false,"showFog":true,"showSkybox":true,"showFlares":true,"showImageEffects":true,"showParticleSystems":true,"showVisualEffectGraphs":true,"m_FxEnabled":true},"in2DMode":false,"pivot":{"x":367.4619445800781,"y":954.4998779296875,"z":-1.4102675914764405},"rotation":{"x":-0.0014996352838352323,"y":-0.022498050704598428,"z":-0.00003375942833372392,"w":0.99974524974823},"size":1098.7330322265625,"orthographic":true}